customer_id,name,email,city,country,signup_date
1,Denise Schmidt,brenda61@example.net,Bowenfort,Brunei Darussalam,2025-07-10
2,Jason Mcguire,garciamegan@example.com,Wagnerborough,Burkina Faso,2023-12-09
3,Danielle Griffin,jenniferrodriguez@example.net,Matthewsport,Ukraine,2026-01-16
4,Angela Davis,simsamy@example.net,Port Michael,Christmas Island,2025-08-03
5,Savannah Young,jonathonwilkins@example.org,Lopezbury,Romania,2024-06-09
6,Nicole Smith,qcooper@example.org,Port Michael,El Salvador,2024-09-29
7,Vernon Williams,danali@example.org,North Christophermouth,Namibia,2024-02-06
8,Sheila Martin,richmondchris@example.net,South Glenn,Comoros,2024-01-04
9,Heather Lewis,jeffrey21@example.org,Gabriellahaven,Zimbabwe,2025-11-09
10,Mark Tran,srollins@example.com,Shelbychester,Wallis and Futuna,2023-11-17
11,Bruce Evans,newmanemily@example.org,Carterburgh,Seychelles,2024-05-21
12,Todd Guerra,antonio13@example.com,Lake Davidville,Afghanistan,2024-03-18
13,David Andrade,vnicholson@example.org,West Eric,Montenegro,2023-06-11
14,Cynthia Carson,stevensnorma@example.net,New Brianport,Austria,2026-05-11
15,Elizabeth Brown,melissa17@example.net,Kevinport,Netherlands,2023-12-27
16,Troy Mccoy,melissareyes@example.com,New Christyhaven,Gabon,2025-05-05
17,Jonathan Gonzalez,frankadams@example.com,North Gina,Rwanda,2025-04-29
18,Phillip Hoffman,tyleradam@example.org,South Gregoryborough,Sri Lanka,2025-12-18
19,Logan Randall,randyboone@example.org,North John,Lithuania,2025-07-28
20,Paul Rollins,lmckay@example.net,West Aprilfort,Norway,2025-10-01
21,Nathan Williams,leahgolden@example.org,Jasmineport,Algeria,2024-01-24
22,Raymond Dunlap,robertdelgado@example.com,West Jodifurt,Venezuela,2026-01-30
23,Erin Henry,kwright@example.com,Lake Matthewborough,Central African Republic,2025-04-23
24,Clifford Love,shannonroach@example.org,North Becky,Kenya,2025-09-08
25,Scott Turner,james62@example.com,Markbury,Mongolia,2026-01-20
26,Brianna Brown,pskinner@example.net,Barnettborough,Netherlands,2024-06-09
27,Carrie Brown,coxbarry@example.org,West Jeremyview,North Macedonia,2025-10-07
28,Mrs. Linda Davis,bennettfrank@example.net,Ballstad,Isle of Man,2025-12-23
29,Jerry Smith,gcalhoun@example.net,Port Rachelmouth,Peru,2025-07-27
30,David Villanueva,mmiller@example.com,Melissaland,Zambia,2025-01-01
31,Christopher Young,harpermelissa@example.net,East Tylerfurt,Slovenia,2025-03-03
32,Kara Garcia,rwade@example.com,Howardton,Netherlands,2024-03-02
33,Kristi Hansen,bwilson@example.net,Garzaport,Latvia,2024-12-17
34,James Allison,johnsonlisa@example.net,Port Audreymouth,French Guiana,2026-03-18
35,Samantha Dean,johnsondawn@example.com,New Daniel,Yemen,2024-04-23
36,William Haley,hmitchell@example.net,Garciaville,Guadeloupe,2025-05-30
37,Cynthia Spencer,schroederrobert@example.com,New Tonya,Bulgaria,2025-11-17
38,Susan Nguyen,waltersbrandon@example.net,West Donnachester,Saint Vincent and the Grenadines,2025-03-12
39,Michael Dodson,oconnellclaudia@example.com,New Charles,French Southern Territories,2023-10-21
40,Melinda Kirby,yvonne73@example.net,North Robert,Zimbabwe,2025-04-14
41,Rebecca Garcia,matthew41@example.com,Batesfurt,American Samoa,2024-09-20
42,Dr. Maria Lewis,patrickwilliams@example.org,Clarkport,Nicaragua,2023-06-10
43,Jason Moreno,woodsgina@example.com,Bradborough,Niue,2026-03-07
44,Tina Smith,imyers@example.org,North Stephanie,French Guiana,2023-11-21
45,Joshua Herrera,amccormick@example.com,Port Joseph,Mauritania,2024-01-15
46,Katelyn Stokes,brianrios@example.net,Petersland,Yemen,2025-06-09
47,Lisa Freeman,gonzalezmisty@example.com,Lake Brendaburgh,Vietnam,2025-06-07
48,Donna Webster,sandratorres@example.com,Mauriceland,Cameroon,2023-11-03
49,Dominic Garcia,johnstontammy@example.com,Michaelland,New Zealand,2025-01-01
50,Jared Sloan,rodriguezmichael@example.org,South Madelinebury,Eritrea,2025-04-24
51,Teresa Jones,mercedesstark@example.net,Sanchezborough,Ireland,2026-01-31
52,Jessica Miller,rlopez@example.org,Port Travischester,Suriname,2025-12-18
53,Michael Anderson,ariaseric@example.net,Ingrammouth,Lebanon,2025-03-18
54,Timothy Lucero,tatelinda@example.com,Veronicabury,Sao Tome and Principe,2025-06-22
55,Cheryl Hunt,williamsandrew@example.org,Jonesfurt,United Arab Emirates,2025-08-15
56,Noah Hunt,briansmith@example.com,Wilsonmouth,Netherlands Antilles,2024-12-06
57,Olivia Thompson,dennisgordon@example.org,South Kimberlyfort,Hungary,2024-12-15
58,Jason Mcdonald,dpace@example.com,South Aaron,Barbados,2024-02-24
59,Monique Morgan,rbrady@example.net,Michaelfort,Jordan,2023-07-19
60,Anne Schmidt,aaronhendricks@example.org,New Deborah,Guadeloupe,2024-09-08
61,Suzanne Turner,daniel02@example.org,West Andrewhaven,Andorra,2025-08-24
62,Lisa Owens,mayerkevin@example.net,Owensberg,Liechtenstein,2025-09-15
63,Brad Briggs,parkerheather@example.net,East Caroline,Qatar,2025-08-18
64,Laura David,navila@example.com,North Nicoleville,Korea,2026-05-24
65,Jonathan Larson,fcraig@example.org,Erikafort,Hungary,2023-05-30
66,Crystal Johnson,alexanderalexander@example.net,Simpsontown,Czech Republic,2025-08-03
67,Allen Irwin,stephanie86@example.net,South Jesse,Indonesia,2025-12-29
68,Joseph Townsend,smithdeanna@example.com,Duncanborough,Syrian Arab Republic,2025-04-24
69,Joshua Rodriguez,christianhernandez@example.net,New Krista,Slovakia (Slovak Republic),2024-08-17
70,Sarah Sparks MD,julie30@example.org,Butlerfort,New Caledonia,2024-04-16
71,Matthew Lopez,aingram@example.org,West Vincent,Andorra,2025-03-16
72,Teresa Cook,holtbrandy@example.com,New Jonathanview,Bhutan,2023-11-26
73,Jennifer Stanley,zlyons@example.org,Greeneburgh,Jordan,2025-09-09
74,Michelle Mays,singhjennifer@example.com,Royland,New Caledonia,2024-11-23
75,Christopher Hall,theresa56@example.com,North Steven,Macao,2025-04-17
76,Matthew Holt,nathan17@example.org,Lake Lisafort,Saint Lucia,2025-07-28
77,Shannon Hines,matthewgarrett@example.com,Bradleybury,Lithuania,2026-05-09
78,William Solis,brian28@example.com,Port David,Ukraine,2025-02-06
79,Michael Graham,jamestiffany@example.org,North James,Korea,2025-08-14
80,April Warren,domingueztimothy@example.net,Lake Mike,British Virgin Islands,2024-01-18
81,Ashley Williams,sarareese@example.org,Charleston,Djibouti,2025-08-03
82,Casey Leon,justin44@example.net,Wilsonton,Kenya,2023-11-23
83,Daniel Bates,nmorrison@example.net,South Veronica,Palau,2024-10-18
84,Wendy Costa,sboyle@example.net,Kathleenfort,Pitcairn Islands,2025-09-25
85,Monica Reed,ninajohnson@example.net,Port Alexandraton,Mexico,2024-02-17
86,Kristin Moran,jacobmartin@example.net,South Vickibury,Qatar,2024-09-01
87,Krista King,randygibson@example.net,Lake James,Guinea-Bissau,2025-05-02
88,Paul Harris,luisnorman@example.com,Colemanville,Eritrea,2025-07-17
89,Brian Wright,thompsondenise@example.org,Andrewchester,Papua New Guinea,2026-01-14
90,Sarah Ward,arthur23@example.com,Danielfurt,Mali,2026-04-21
91,Lauren Armstrong,lisa92@example.org,East Martinville,Lesotho,2025-08-18
92,Billy Holland,hburns@example.net,South Barbara,Comoros,2025-02-14
93,Michael Johnson,michellewatkins@example.com,East Elizabeth,Grenada,2025-01-08
94,Philip Baird,kellersandy@example.com,Port Cathyborough,Switzerland,2023-09-21
95,Lisa Hanson,levi20@example.net,West Aaron,Korea,2026-03-19
96,Raven Leblanc,mark87@example.com,Baxterhaven,Turks and Caicos Islands,2023-12-07
97,David Ellis,qpatrick@example.org,Port Aarontown,Cambodia,2024-12-03
98,Brett Contreras,moramegan@example.com,West Anna,Swaziland,2024-01-06
99,Mackenzie Russell,justinparker@example.org,Coxmouth,Holy See (Vatican City State),2024-06-30
100,Daniel Carroll,thompsonjames@example.com,Port Bryanmouth,Comoros,2023-09-20
101,Brian Davis,gonzalezchristina@example.net,Michaeltown,Cayman Islands,2023-07-10
102,Nicholas Peterson,jenkinsadam@example.com,South Michael,Czech Republic,2025-02-11
103,Nicholas Clark,gallen@example.org,South Zacharymouth,Norfolk Island,2025-06-03
104,Jose Harmon,lauren28@example.net,Barbershire,Ukraine,2026-04-09
105,Evan Thompson,kylecohen@example.net,Port Juanville,Andorra,2023-06-20
106,William Flores,walkerrachel@example.net,East Zoehaven,Bahrain,2023-12-17
107,Scott Barton,deborah24@example.net,North Christinaview,Burundi,2024-01-04
108,Shannon Clark,danielle60@example.com,Greeneberg,United Kingdom,2026-03-17
109,Beth Porter,christopher61@example.org,East Kevin,New Zealand,2025-12-21
110,Kathy Peters,brittany80@example.com,New Jacob,French Southern Territories,2024-03-29
111,Troy Wolfe,bryan67@example.net,East Andrewburgh,Vanuatu,2024-04-10
112,Katherine Sharp,howellmelissa@example.org,Christopherstad,Somalia,2023-08-25
113,Katherine Peterson,jay76@example.net,Chrisstad,Senegal,2024-12-31
114,Mrs. Christine Ewing,tristan35@example.com,Erinfort,Ukraine,2023-11-04
115,Andrea Sullivan,kenneth10@example.com,East John,Serbia,2024-09-25
116,Eric Leonard,rparker@example.com,North Jeanfurt,Liechtenstein,2025-04-05
117,Brian Thompson,vberry@example.net,Sheilaborough,Iran,2023-12-10
118,Carolyn Gonzalez,bryantheather@example.org,Carlosland,Jamaica,2024-03-03
119,Timothy Adams,christophermayer@example.net,East Williammouth,Cape Verde,2025-01-26
120,Alexander Nguyen,dakota70@example.net,West Pamela,Croatia,2023-10-22
121,Thomas Edwards,llozano@example.org,Kelleyland,Greenland,2024-06-16
122,Jennifer Williams,xwilliams@example.net,Hahnview,United Arab Emirates,2023-10-28
123,Alexander Wong,isabelwagner@example.org,South Nicole,Liechtenstein,2025-04-22
124,Aaron Chang,gomeztony@example.net,Jacquelinehaven,Colombia,2024-12-08
125,Brian Green,timothylewis@example.org,Sellersville,Greece,2025-03-11
126,Sara Higgins,brittany69@example.com,Torreshaven,Saint Vincent and the Grenadines,2025-02-19
127,Robert Lawrence,warrenandrew@example.org,New Julie,Australia,2024-07-19
128,Donald Marshall,osbornesue@example.net,Leahstad,United States of America,2024-12-01
129,Jenny Terry,ivanbailey@example.com,Guerraport,Samoa,2025-08-31
130,Thomas Adams,michael85@example.net,New Alexanderborough,Micronesia,2025-01-07
131,Tracy Stewart,robert02@example.net,Lake Rodney,Morocco,2023-10-25
132,Alex Gross,laurarussell@example.org,East Robertchester,Marshall Islands,2024-12-04
133,Michael Henson,michaelmiller@example.com,East Kevinside,Greece,2025-03-13
134,Michael Nguyen,edwardsdenise@example.org,New Ericfort,Uruguay,2025-02-09
135,Eugene Russell,petermarquez@example.net,North Rachel,Syrian Arab Republic,2024-04-15
136,Sara Baldwin,nturner@example.com,Port Patricktown,Mauritania,2025-08-25
137,Katherine Sullivan,jbradley@example.net,Carpentermouth,Falkland Islands (Malvinas),2026-04-14
138,Valerie Harris,shelleywood@example.org,South Bethside,Nigeria,2025-06-28
139,Melissa White,englishgeorge@example.org,South Maria,British Indian Ocean Territory (Chagos Archipelago),2024-06-15
140,Phillip Simmons,adamkelly@example.net,Flemingbury,Haiti,2024-07-21
141,Deanna Richmond,mauricewilliams@example.net,Lake Gabriel,Tuvalu,2024-07-04
142,Cassandra Torres,jennifer14@example.com,East David,Niger,2023-09-20
143,Sydney Benson,rlewis@example.org,Dawsonfurt,Cuba,2024-05-19
144,Cheryl Golden,davismatthew@example.org,Marystad,Cuba,2024-05-23
145,Dylan Rodriguez,tguzman@example.net,New Robert,Kyrgyz Republic,2024-01-14
146,Nicholas Wallace,saraconner@example.org,Williamsberg,France,2026-03-06
147,Justin Ray,porterjimmy@example.net,Lake Franciscoborough,Holy See (Vatican City State),2025-09-27
148,Ashley Singh,james52@example.com,East Rhonda,Zimbabwe,2024-04-29
149,Evan Moran,nashnancy@example.net,Ronaldbury,Botswana,2026-03-08
150,Sheila Horton,leekatie@example.com,Mariachester,Palau,2023-11-01
151,Brooke Kim,michelle63@example.net,Ibarrafort,Grenada,2025-02-26
152,Dennis Newman,james02@example.com,Michaelchester,Somalia,2025-11-09
153,Jorge Chavez,johnsonheather@example.com,Jamesmouth,Greece,2025-12-11
154,Jill Garcia,gbradley@example.net,Taylormouth,Burundi,2025-12-10
155,Brooke Williams,elizabethhendricks@example.com,New Jenny,Saint Helena,2025-03-21
156,Mr. Nicholas Valentine DVM,macdonalddavid@example.com,Leonbury,Monaco,2023-11-16
157,Jennifer Gonzales,jenniferjohnson@example.org,Jenniferland,Swaziland,2023-06-16
158,Dalton Jenkins,jamesthompson@example.com,Briannaside,Brazil,2025-02-01
159,Raymond Cruz,vgilmore@example.org,Harmonfurt,Poland,2024-09-09
160,Katrina Nash,simmonsjeremy@example.com,North Christopherton,Costa Rica,2026-05-03
161,Ryan Caldwell,alvarezmichael@example.net,Audreyhaven,Cyprus,2026-03-29
162,Kristin Gross,matthew46@example.org,Port Joshua,Israel,2024-04-29
163,Derek Hartman,powelljose@example.net,Troyside,France,2023-09-06
164,Jamie Carrillo,johnfox@example.com,East Erneststad,Denmark,2026-03-24
165,Charles Winters,jeffrey77@example.net,West Michaelmouth,Guinea-Bissau,2025-06-03
166,Chase Mitchell,hwood@example.net,New Tracymouth,Maldives,2023-10-20
167,David Dixon,jesusblake@example.com,Port Michelleton,Poland,2025-07-29
168,Barry Graham,samantha28@example.com,Michaelhaven,Palestinian Territory,2023-08-19
169,Angela Mclaughlin,etaylor@example.org,South Mary,Kuwait,2025-02-04
170,Lauren Stephenson,amanda41@example.com,North Christinaton,Wallis and Futuna,2024-12-10
171,Travis Garcia,qshah@example.com,Richardsonberg,United States Virgin Islands,2026-03-01
172,Peter Stewart,bauersean@example.net,New Megan,Tuvalu,2025-05-10
173,Heather Lamb,rickcarlson@example.org,Millerfurt,Morocco,2025-12-22
174,Marie Mcbride,ymcpherson@example.net,New Janetfurt,Cyprus,2023-09-20
175,George Levine,nicholasnguyen@example.org,East Johnhaven,French Southern Territories,2023-12-10
176,Maria Carter,stephanie18@example.org,Nathanberg,Solomon Islands,2025-10-14
177,Kim Rodriguez,fishermatthew@example.org,Monroemouth,Tanzania,2024-07-01
178,Madison Garrett,romerojoshua@example.net,Port Kenneth,Slovakia (Slovak Republic),2024-11-13
179,Katherine Martin,campbellkaren@example.com,North Charles,Saint Helena,2025-04-14
180,Stephen Hancock,sanchezcody@example.net,Conniefurt,Solomon Islands,2023-11-24
181,Sherri Garcia,loganparker@example.org,Parrishburgh,Azerbaijan,2025-02-03
182,Tanya Marshall MD,williamstamara@example.org,Jessicafort,Kyrgyz Republic,2026-01-07
183,Gary Gonzalez,sethnixon@example.org,South David,Thailand,2023-05-28
184,Patrick Sullivan,nelsonamy@example.com,Oscarshire,Moldova,2025-04-16
185,Alex Williams,rodriguezlisa@example.org,North Loganmouth,Kyrgyz Republic,2024-05-01
186,Robert Lopez,shannonolsen@example.com,New Lesliemouth,Ecuador,2023-08-03
187,Kerry George,katherine11@example.org,Millerside,Svalbard & Jan Mayen Islands,2024-07-31
188,Victoria Flores,walkermichael@example.org,Port Jeffreyshire,United States of America,2023-07-10
189,Mark Rodriguez,stephen75@example.org,Salazarland,Brazil,2026-02-10
190,Kimberly Watson,wmueller@example.com,Lake Olivia,Benin,2024-12-13
191,Kelly Cox,hartmonica@example.org,Collierhaven,North Macedonia,2023-12-29
192,Shannon Shaw,oavila@example.com,North Samanthamouth,Somalia,2024-02-02
193,Taylor Smith,gonzalezrichard@example.org,New Jessicabury,Ghana,2024-07-24
194,Robert Mccullough,hernandezjennifer@example.net,Fletchershire,Nepal,2025-05-16
195,Felicia Lewis,montgomeryjeremiah@example.com,West Mary,New Caledonia,2023-10-21
196,Melissa Mitchell,kelly17@example.net,Lake Michael,Malaysia,2024-04-16
197,Joshua Williams,jasonjackson@example.org,New Jennybury,Malta,2023-08-27
198,Samantha Moore,jacksoncaitlin@example.org,West Lindseychester,Colombia,2024-12-03
199,Abigail Stewart,gkent@example.org,Donaldmouth,Yemen,2024-12-08
200,Gregory Clark,richard65@example.org,Lake Claudiamouth,United Arab Emirates,2024-09-12
201,Christopher Jones,angelica19@example.com,Lake Emilyville,Bangladesh,2025-01-12
202,James Jones,perezcynthia@example.com,South John,Holy See (Vatican City State),2025-01-08
203,Sheila Smith,qdeleon@example.com,Johnsonbury,Moldova,2025-03-01
204,Jennifer Walker,bharris@example.com,Lake Robert,Panama,2024-11-23
205,Kimberly Aguilar,johnschmidt@example.net,Stephaniemouth,Kuwait,2026-02-08
206,Shannon Klein,fhall@example.org,New Carolynland,Lithuania,2026-01-04
207,Elizabeth Stewart,elizabethreyes@example.com,Lake Elizabethland,Palestinian Territory,2023-07-04
208,Thomas Watkins,christopher65@example.com,Michaelfurt,Mayotte,2025-06-10
209,Stephanie Harris,roberthouse@example.net,West Katherineside,Benin,2023-06-22
210,Timothy Valencia,kevinburke@example.org,North Anthony,Jordan,2024-07-01
211,Mark Johnson,castilloaaron@example.com,East Sandyborough,Guadeloupe,2024-07-12
212,Stephen Fleming,vlyons@example.com,Port Ryanmouth,Israel,2025-02-24
213,Matthew Sims,branchjames@example.com,Jamesmouth,Kazakhstan,2023-10-02
214,Amy Perez,kirkjames@example.com,East Rebecca,Isle of Man,2025-08-27
215,Cheryl Lynn DDS,fsnyder@example.org,Lake Justin,Gibraltar,2024-02-28
216,Nancy Lane,michael59@example.org,Nataliefort,Jamaica,2024-07-15
217,Gary Smith,gvazquez@example.net,Ayalaberg,Panama,2024-08-09
218,Nancy Zhang,chines@example.org,Madelinehaven,United Arab Emirates,2024-02-11
219,Jason Young,wedwards@example.org,Ewingfort,Togo,2024-10-06
220,Michael Hayes,stephanie20@example.net,Warefurt,Panama,2025-10-29
221,Cynthia Wilson,juanskinner@example.com,Port Natalieview,Ethiopia,2025-05-25
222,Mason Reed,jasmine54@example.org,East Robertamouth,Comoros,2025-09-10
223,Christine Jenkins,kmiller@example.org,Marymouth,Burkina Faso,2026-02-16
224,William Lopez,torresbrooke@example.org,Jessicaburgh,United Arab Emirates,2024-11-04
225,Jeffrey Turner,dominique10@example.net,Jamestown,South Georgia and the South Sandwich Islands,2025-07-25
226,Shirley Terrell,dhickman@example.net,Alexisview,Libyan Arab Jamahiriya,2026-04-04
227,Heather Cordova MD,dcampos@example.net,Smithville,Bahrain,2024-10-18
228,Brianna Elliott,trevor96@example.net,Mitchellmouth,Australia,2024-10-09
229,Nathan Wade,jaclyn80@example.net,Ingrammouth,Mexico,2024-10-10
230,Kyle Hill,dennisdelacruz@example.org,Lake Juan,Northern Mariana Islands,2024-09-26
231,Erin Smith,escobarroger@example.com,Timothychester,Kenya,2025-08-31
232,Richard House,omays@example.net,Lake Josephton,Papua New Guinea,2024-07-16
233,Joshua Harper,hwood@example.net,South Tylerfurt,Colombia,2025-05-31
234,Sara Walters,richard15@example.org,Robinsonville,Guam,2023-08-07
235,Eric Mason,jessica87@example.net,Brockchester,Jamaica,2026-02-04
236,Susan Chen,kevin68@example.com,East Patriciamouth,Ireland,2024-12-19
237,Scott Greer,milleradam@example.org,New Amy,Faroe Islands,2023-12-04
238,Kevin Edwards,howardbeverly@example.net,Smithland,Croatia,2025-01-02
239,Jay Lowe,andradevirginia@example.com,West Scottmouth,British Virgin Islands,2025-10-01
240,Jennifer Anderson,brianclark@example.org,Garnerfurt,Tokelau,2026-02-11
241,Michael Davis,ddonaldson@example.net,Barbaraland,Puerto Rico,2025-09-19
242,Diane Wallace,andrew83@example.org,Juliaburgh,Japan,2026-04-01
243,Monica Jones,emilymaynard@example.net,Stoneside,Peru,2024-06-21
244,Sandra Johnson,james18@example.com,Rodriguezshire,Ukraine,2024-11-01
245,Devon Martinez,melissaprince@example.org,Jonathanport,Kazakhstan,2025-11-25
246,Heather Reilly,lisabennett@example.com,East Jessicafort,United Arab Emirates,2023-11-26
247,Randy Perez,justin26@example.org,Woodardhaven,Panama,2024-08-20
248,Paige Montgomery MD,sherrywilliams@example.com,South Michelle,Bangladesh,2023-11-06
249,Katherine Day,moonroger@example.net,Lake Josephton,Central African Republic,2023-12-16
250,Michelle Walters,coryhuffman@example.com,West Rebeccaborough,Mayotte,2025-10-08
251,Olivia Oconnell,murphyeric@example.net,Shafferstad,Fiji,2024-10-01
252,Kelly Johnson,sherrywalker@example.com,North Isaiah,Belgium,2023-06-01
253,Rhonda Duke,larryking@example.com,East Kristenshire,Guyana,2025-09-23
254,Erica Henry,hthomas@example.com,Ebonyberg,Montenegro,2025-01-22
255,Ashley Hoffman,holtheidi@example.net,Stevenchester,Japan,2023-11-23
256,Sandra Horn,paul97@example.com,Katiebury,Papua New Guinea,2026-01-19
257,Valerie Thompson,jacobjackson@example.com,West Zachary,Tokelau,2024-09-10
258,Vincent Bolton,reyeschristopher@example.com,North Aliciaberg,Burkina Faso,2025-12-10
259,Adam Chapman,christopher51@example.com,Monicamouth,British Virgin Islands,2023-06-05
260,Lori Kelly,elee@example.com,Port Davidstad,Sao Tome and Principe,2024-04-26
261,Elizabeth Johnson,charlenedeleon@example.org,East Angela,Turkmenistan,2024-08-02
262,Matthew Buck,jenniferdavis@example.org,Stephenmouth,Slovenia,2025-04-04
263,Tara Wang,isaac56@example.net,Lake Donald,Papua New Guinea,2025-08-02
264,Kathryn Dorsey,fvance@example.com,Staciemouth,Finland,2025-07-25
265,Angela Hoffman,marissalee@example.net,New Roy,Ecuador,2024-04-24
266,Gabriel Rodriguez,ronnie77@example.net,Bellbury,Egypt,2025-10-19
267,Andrew Leonard,brooke01@example.com,Bryanborough,Kenya,2024-08-25
268,Ryan Berry MD,webermichael@example.com,Port Lauren,Benin,2023-09-05
269,Julie Ramos,johnsoneric@example.org,Watkinsland,Nepal,2024-08-08
270,Isaac Briggs,mpark@example.net,Mitchellfurt,Jamaica,2023-09-03
271,Kelly Snow,kramerbenjamin@example.com,West Charles,Mexico,2025-09-23
272,Jacob Banks,youngthomas@example.com,Lauraborough,Cameroon,2026-03-07
273,Edgar White,abigailwong@example.com,New Robynview,Italy,2024-04-04
274,Michael Huff,mariahpatel@example.org,East Jasonfurt,Iraq,2025-04-02
275,Michael Francis,olewis@example.com,Monicachester,Tajikistan,2024-02-02
276,Justin Blevins,buckleyelizabeth@example.com,East Stephenhaven,Pakistan,2023-07-28
277,Kathy Olson,jenningsjonathan@example.org,North Lisa,Croatia,2023-06-14
278,Thomas Gomez,wdavis@example.net,Pottstown,Falkland Islands (Malvinas),2024-07-18
279,Darren Ward,bcline@example.com,South Kimberly,Qatar,2024-11-08
280,Sharon Harris,wesley53@example.org,South Rebeccatown,Lithuania,2024-01-21
281,Thomas Barnett,diazcindy@example.org,Jenniferfurt,Cote d'Ivoire,2025-01-02
282,Mrs. Jill Morrison,amandashaw@example.net,Joannamouth,Philippines,2023-08-07
283,Nancy West,powelldavid@example.org,New Christian,Sierra Leone,2025-10-26
284,Brian Combs,mcgeedaniel@example.com,North Louisberg,Timor-Leste,2025-10-09
285,Robert Farmer,grimesjeanette@example.org,New Staceyborough,Azerbaijan,2024-01-31
286,Janet Holmes,charles55@example.net,Latoyaside,Malawi,2024-08-16
287,Daniel Foster,mary57@example.net,New Randy,Algeria,2024-11-17
288,Bryan Harris,owiggins@example.org,Maxwellton,Germany,2026-02-18
289,Lisa Johnson,ssullivan@example.org,Peggystad,Australia,2023-06-08
290,Elizabeth Terry,sarahperkins@example.org,Powersfort,Aruba,2025-11-26
291,Miranda Davis,nashjeffery@example.net,Kaneborough,Brazil,2026-04-06
292,Michael Rodriguez,chelsea17@example.org,South Deborah,Cape Verde,2023-10-29
293,Jessica Weiss,pamelabest@example.net,West Colton,Jamaica,2025-08-20
294,Dean Parker,shouse@example.com,Williamsshire,United Arab Emirates,2023-11-15
295,Daniel Marshall,xlewis@example.net,Lake Christinebury,Comoros,2025-07-17
296,Laurie Chandler,kirsten45@example.com,Yolandahaven,Malawi,2024-07-10
297,Kimberly Myers,mmarshall@example.com,Nancytown,Togo,2025-09-30
298,Jesus Nelson,melissacunningham@example.net,North Georgeborough,Canada,2026-05-08
299,Donald Little,brookecastillo@example.com,West Justin,Morocco,2025-06-14
300,Thomas Farmer MD,derek57@example.com,North Jennifer,South Africa,2024-04-05
301,Rachel Gentry,kochlisa@example.org,Cherylberg,New Caledonia,2025-02-02
302,Mrs. Maria Fleming,kimberly92@example.net,Theresaport,Peru,2026-05-02
303,Samuel Vazquez,mcdonaldmichael@example.net,Robertmouth,Central African Republic,2023-08-28
304,William Garcia,shawnicholas@example.org,New Norman,Cameroon,2025-12-05
305,James White,jessicalambert@example.com,Bryanberg,Poland,2025-03-01
306,Taylor Smith,erika58@example.com,North Robinville,Solomon Islands,2024-01-12
307,Emily Brown,tylerross@example.com,Lake Justinberg,Monaco,2026-01-26
308,Kelli Elliott,lewisgeorge@example.org,Lake Courtneyfort,Mayotte,2024-06-19
309,Jennifer Clark,matthewflores@example.net,Ryanview,Kiribati,2024-09-04
310,Robert Cole,lauragarrett@example.org,Robinsonbury,Zambia,2023-09-20
311,Laura Vaughn,kathleenguzman@example.net,Port Dawnmouth,Haiti,2025-05-08
312,Robert Nelson,samanthagarcia@example.net,West Michael,Saudi Arabia,2023-12-13
313,Aaron Elliott,haletaylor@example.com,South Lisa,North Macedonia,2026-01-16
314,Willie Lucas,reginapierce@example.org,South Kristamouth,Saint Helena,2024-08-10
315,Dawn Greene,swarner@example.net,Barbaraville,Congo,2025-08-18
316,Sandra Rodriguez,ajacobson@example.org,Meyerston,Marshall Islands,2024-11-07
317,Susan Long,moorebill@example.net,North Lauriehaven,Bouvet Island (Bouvetoya),2024-06-17
318,Daniel Anderson,jenningsthomas@example.com,North Maryside,Saint Barthelemy,2025-09-18
319,Regina Mathis,lwilson@example.org,Christophershire,Belize,2024-02-26
320,Alexandra Hutchinson,derekgonzales@example.org,Adamtown,Ukraine,2025-04-15
321,Connie Price,davisnancy@example.org,North Jenniferstad,Jamaica,2023-08-14
322,Andrew Marshall,elliottkevin@example.org,East Jesse,Marshall Islands,2025-12-17
323,Jared Walker,fmoon@example.com,Elizabethview,Yemen,2023-09-26
324,John Wilkerson,bob26@example.com,Summersberg,Suriname,2024-12-03
325,Sara Norris,xmoore@example.org,South Curtis,Jamaica,2024-04-11
326,Paula Turner DDS,dritter@example.org,Amandamouth,Armenia,2023-12-20
327,James Wood,atkinsonmary@example.org,Boydchester,Zambia,2025-06-15
328,Matthew Flores,charles22@example.org,Lake Michaelside,Marshall Islands,2023-09-16
329,Lori Riddle,chavezlisa@example.net,South Christopher,Lesotho,2024-08-18
330,Frank Thomas,bradley79@example.com,Odomhaven,Serbia,2026-04-19
331,Joseph Fuller,natalie52@example.org,East Sandra,Mongolia,2024-03-24
332,David Owens,ncrawford@example.com,Perezport,Albania,2025-04-26
333,David Padilla,christopherburnett@example.net,Carlosside,Mali,2025-01-30
334,Christopher Olson,gjones@example.net,Watsonside,Costa Rica,2025-05-18
335,Shannon Jimenez,sarahsullivan@example.com,Wyatthaven,Syrian Arab Republic,2024-06-06
336,Diane Fields,heather56@example.org,Port Pamela,Senegal,2023-06-25
337,Erika Cabrera,sharonmathis@example.com,Banksport,Madagascar,2024-12-22
338,Hayley Jones,kristenlopez@example.net,Katherinemouth,Micronesia,2024-11-21
339,Madison Franklin,john81@example.com,West Jose,Guinea-Bissau,2025-01-18
340,Rachael White,arianaherrera@example.org,Lake Cynthiaport,El Salvador,2024-04-27
341,Sarah Hall,betty92@example.org,Harrystad,Papua New Guinea,2024-04-12
342,Joseph Young,smithrenee@example.net,Colleenshire,Grenada,2026-05-02
343,Paul Jimenez,sarahwiley@example.com,Jessicaberg,North Macedonia,2025-06-20
344,Brian Robinson,garciasteve@example.com,Port Timothyport,Sierra Leone,2025-06-24
345,Nicole Kerr,slopez@example.com,Christophermouth,Guatemala,2025-05-12
346,Jason Curtis,dmoore@example.org,Amandahaven,Yemen,2023-07-31
347,Jeffrey Bennett,lisawilliams@example.org,East Dustinmouth,Saint Martin,2024-12-09
348,Erica Sanchez,qcruz@example.net,Bryantmouth,British Virgin Islands,2026-04-09
349,Michael Duncan,kaitlynschmitt@example.com,East Katherine,Bouvet Island (Bouvetoya),2026-04-23
350,Anne Chavez,meagan69@example.com,North Julia,Timor-Leste,2023-07-20
351,Monica Thomas,omooney@example.net,Josechester,Belarus,2023-10-30
352,Diana Stewart,kharris@example.com,North Mariaton,Finland,2025-11-20
353,Travis Kirk,gallagherdavid@example.net,Carolside,San Marino,2026-03-20
354,Douglas Ryan,derrickevans@example.net,Mortonberg,Slovenia,2023-07-14
355,Todd Pratt,shaun72@example.org,Lake Anthony,Philippines,2024-11-17
356,Jared Williams,randyolson@example.org,New Anthony,United States Minor Outlying Islands,2023-08-27
357,Nicholas Martinez,samanthalee@example.net,Toddside,Burundi,2024-11-21
358,George Irwin,hbecker@example.com,Lake Zachary,Svalbard & Jan Mayen Islands,2023-06-29
359,Linda Morrison,cosborn@example.com,South Elizabethview,Saint Lucia,2023-12-04
360,Joseph Ball,smithmichael@example.org,Lake Mary,Estonia,2025-12-16
361,Colleen Joseph PhD,gonzalespeter@example.org,Seanfurt,Zambia,2024-12-25
362,Brady Haley,wramirez@example.net,Justinshire,Haiti,2026-05-06
363,Joseph Phillips,megan00@example.net,Stephenview,Ethiopia,2024-09-24
364,Robert Morgan,chasesimmons@example.net,Casemouth,Saint Vincent and the Grenadines,2025-07-23
365,Oscar Wolfe,loganfrancis@example.com,Jacquelinefurt,Liechtenstein,2024-01-10
366,Lisa Craig,amandaberry@example.net,Wrightberg,Germany,2025-07-18
367,Robert Reeves,tannerpaul@example.org,Port Donaldstad,Spain,2026-03-25
368,Paul Ramirez,duranmichael@example.com,Melissaton,Paraguay,2023-07-13
369,Laurie Lindsey,royandrea@example.org,New Michael,Heard Island and McDonald Islands,2025-08-17
370,Kenneth Simpson,tinagarcia@example.net,Elizabethfort,Kazakhstan,2023-07-09
371,Joseph Hoover,sanchezjessica@example.org,East Carolfurt,Botswana,2023-10-29
372,Jennifer Merritt,jay43@example.net,Port Meganmouth,Grenada,2025-04-09
373,Jillian Ellis,kim11@example.net,New Aaron,Ukraine,2024-03-12
374,Elizabeth Anderson,robertsmith@example.com,Dennistown,Albania,2024-12-06
375,William Ball,alexandermejia@example.net,West Emilychester,Slovenia,2023-10-26
376,Dustin Mcgee,larrybeard@example.org,Port Anthony,Greenland,2024-08-04
377,Angela Banks,joseph46@example.com,Davisfort,Cambodia,2024-03-18
378,Paul Klein,jberger@example.org,New Penny,Guinea-Bissau,2025-12-03
379,Jacqueline Simon,ugray@example.org,Maryport,Jordan,2024-01-27
380,Rebecca Curtis,sonya26@example.org,Joshuachester,Montenegro,2024-08-26
381,Vanessa Baker,armstrongaustin@example.org,Avilashire,Samoa,2024-04-23
382,Michael Hartman,danielle38@example.net,Jimmyburgh,Guinea-Bissau,2025-08-11
383,Kathleen Velasquez,suzanneraymond@example.net,Simmonsland,Antarctica (the territory South of 60 deg S),2026-05-01
384,Nathan Pearson,riveradean@example.com,South Joanshire,Tokelau,2026-05-13
385,Justin Johnson,donna67@example.com,New Russell,Lithuania,2025-02-26
386,Jason Brown,brittanyphillips@example.com,Torresmouth,Lebanon,2024-10-31
387,Tracy Richardson,kathleengriffith@example.net,South Ashleyfort,Guadeloupe,2025-09-02
388,Tracy Rodriguez,jacqueline34@example.org,New Gregorymouth,Lao People's Democratic Republic,2024-01-10
389,Morgan Willis,jasonarmstrong@example.org,West Jamesport,Poland,2025-08-16
390,Angela Long,brandi00@example.net,Port Anthonymouth,Guernsey,2024-05-11
391,Stephanie Huang,bryanmason@example.net,North Jasonton,Niger,2024-06-24
392,Holly Scott,rshaw@example.org,New Stephaniefort,Honduras,2025-07-27
393,Corey Davis,deborah06@example.net,South Manuelbury,Uruguay,2023-11-21
394,Angela Hood,simpsonscott@example.org,Port Jeffrey,Hungary,2024-09-30
395,Samuel Smith,irodriguez@example.com,Erinhaven,Congo,2024-10-07
396,Jennifer Anthony,bshaw@example.com,Port Ashleyfurt,New Caledonia,2023-07-10
397,Sandra Reynolds,christopherhoward@example.net,East Davidbury,Suriname,2023-10-20
398,Corey Bell,lewispeter@example.net,Lake Anthony,Latvia,2024-12-05
399,Brandon Mata,mcfarlandcody@example.com,Sawyermouth,Saint Kitts and Nevis,2025-07-26
400,Courtney Richards,rochadaniel@example.net,Port Ashley,El Salvador,2023-06-23
401,Erica Harrell,caleb79@example.net,West Alecmouth,South Georgia and the South Sandwich Islands,2023-09-28
402,Karen Leonard,danielle19@example.com,Victorville,Niue,2023-06-06
403,Brandon Snyder,burkekristen@example.net,Georgebury,Argentina,2023-05-28
404,Melissa Salinas,rachelbrooks@example.org,Webbshire,Turkmenistan,2023-10-18
405,Kayla Barrera,michellemeyer@example.org,Hannahmouth,Kuwait,2024-02-11
406,William Armstrong,downselizabeth@example.net,New Allen,Western Sahara,2023-11-30
407,Angelica Foster,robertklein@example.com,New Pamela,Kenya,2025-09-20
408,Gregg Jones,creed@example.net,Barrettville,New Zealand,2023-11-18
409,Brian Velez,lkramer@example.net,Collinshaven,Colombia,2024-03-02
410,Kimberly Owens,rogersamy@example.net,Seanmouth,Belarus,2024-07-13
411,Stephanie Young,nmartinez@example.net,Danaville,Hong Kong,2025-02-26
412,Ricardo Mcdonald,ycombs@example.com,Melaniechester,Mozambique,2025-10-18
413,Amy Williams,phillipestrada@example.org,Laceybury,Lebanon,2026-04-06
414,Patricia Robinson,randygarcia@example.net,Owensburgh,Bosnia and Herzegovina,2024-02-19
415,Ana Dixon,dunlaplisa@example.org,South Michaelberg,Vietnam,2025-11-02
416,James Davis,marystrickland@example.net,Nathanburgh,India,2025-12-14
417,Nathan Huang,xreyes@example.net,East Christopherburgh,Central African Republic,2025-10-05
418,Nicholas Alvarez,stanleysnow@example.net,Lake Melissa,Sao Tome and Principe,2026-02-06
419,Kathleen Allen,vrivera@example.com,Michaelside,Timor-Leste,2024-09-01
420,Wendy Salas,jonestyler@example.org,South William,Saint Vincent and the Grenadines,2023-07-10
421,Mr. Christopher Ford,laurenwells@example.com,Port Jeanette,Tuvalu,2025-02-26
422,Michelle Brown,donmullins@example.net,Richardsonbury,Guam,2023-12-05
423,Ricky Sanford,michaelpalmer@example.org,Brendamouth,Peru,2024-08-23
424,Courtney Galloway,mpatterson@example.org,Fitzpatrickborough,Turkmenistan,2024-02-05
425,Jenna Jordan,victoriagonzalez@example.net,Turnershire,British Virgin Islands,2025-06-05
426,Rebecca Roberts,sydney88@example.com,East Alyssahaven,Cote d'Ivoire,2023-12-09
427,Sean Parker,tfrey@example.net,Alanport,Lesotho,2024-05-29
428,Betty Beck,alexisbell@example.net,Port Stephaniehaven,Botswana,2024-07-26
429,Troy Edwards,cunninghamkelly@example.org,North Toni,Barbados,2025-06-10
430,Alexander Jackson,nobletracy@example.org,Jacobburgh,Romania,2023-05-27
431,Wyatt Anderson,kylie31@example.org,Morrisfort,Kuwait,2023-06-13
432,Robert Johnson,tylerlee@example.com,Lake Paulbury,Niue,2025-10-28
433,Ebony Alvarado,millerwilliam@example.com,West Scottport,Antarctica (the territory South of 60 deg S),2024-04-06
434,Emily Cunningham,christopherwheeler@example.net,Lake Lori,Austria,2025-04-30
435,Sharon Garcia,stephen69@example.org,East Jakeville,Colombia,2024-04-20
436,Juan Adams,rglass@example.com,South Sandy,Holy See (Vatican City State),2025-12-03
437,Thomas Carroll,hcox@example.org,Lake Sarah,British Virgin Islands,2023-06-03
438,Christopher Hogan MD,gmurphy@example.net,Phillipsstad,French Polynesia,2023-12-23
439,Raymond Maxwell,christopherpennington@example.org,East Andreaside,Italy,2026-03-03
440,Robin Dean,joshua60@example.com,New Richardborough,Brunei Darussalam,2023-10-06
441,Robert Bentley,montgomerylauren@example.com,North Dawn,Tonga,2025-08-30
442,Jeffrey Potter,patricia40@example.com,Jamesmouth,Pitcairn Islands,2026-01-27
443,Amanda Harris,melissa42@example.com,West Michael,Namibia,2024-03-08
444,Zachary Clark,uwheeler@example.com,East Danny,Thailand,2025-12-30
445,Jennifer Wells,robert72@example.com,Port Cherylmouth,Uganda,2023-11-05
446,Christina Lee,taylorjuarez@example.org,Reidview,Angola,2024-06-20
447,Paul Garcia,ldennis@example.com,Brownbury,British Indian Ocean Territory (Chagos Archipelago),2024-03-29
448,Jennifer Mejia,steven79@example.org,Port Jennifer,Honduras,2023-08-16
449,Michael Myers,lisawilson@example.org,Herringburgh,Poland,2025-04-19
450,Donald Wood,fbaker@example.com,Lake Jameston,Peru,2025-03-30
451,Molly Spencer,rojasbrett@example.net,Port Johnland,Moldova,2023-06-23
452,Alex Jenkins,lcook@example.org,Roachmouth,Northern Mariana Islands,2023-06-23
453,Darrell Ochoa PhD,gabriel32@example.net,New Sarah,Nepal,2024-07-26
454,Mary Perry,reedcassandra@example.com,Tylerville,Bhutan,2024-11-10
455,Daniel Hawkins,imorales@example.net,Hernandezville,Belgium,2025-08-02
456,Kevin Yu,jacksonthomas@example.com,New Robertside,Tanzania,2024-02-21
457,Kathleen Aguilar,tylercook@example.net,Lake Eugene,Syrian Arab Republic,2024-06-27
458,Edward Walker,clarkbenjamin@example.org,Carterhaven,Reunion,2026-01-06
459,Phillip Macdonald,serranokathryn@example.net,Lake David,Albania,2024-02-01
460,Diane Newman,christopher99@example.com,Adamsburgh,Bangladesh,2023-08-21
461,Brittany Carpenter,tammy49@example.net,Barronton,Romania,2024-10-02
462,Benjamin Grimes,blake09@example.org,Kimberlychester,Greece,2025-06-13
463,Donald Gentry,emma33@example.net,Port Erik,Denmark,2024-08-09
464,Michelle Gallegos,johnsonjason@example.org,Perezbury,Saint Pierre and Miquelon,2025-04-07
465,William David,marciagonzalez@example.org,Jacksonview,South Africa,2025-05-11
466,Jennifer Jimenez,zacharybarnett@example.org,North Sarahton,Cote d'Ivoire,2025-03-27
467,Carolyn Walker,kimberly12@example.net,South Joel,Guam,2023-11-13
468,Richard Taylor,amywarner@example.org,Butlerview,Palestinian Territory,2025-05-19
469,Derrick Lee,abrown@example.com,Hernandezville,Aruba,2023-12-23
470,Kerri Villanueva,edwardrobinson@example.org,Deborahfort,Bahrain,2024-10-30
471,Deborah Bartlett,warnerclaudia@example.com,Danielbury,Peru,2023-10-01
472,Amanda Rodriguez,rbarnes@example.com,Galvanview,Venezuela,2024-12-12
473,Jill Hamilton,obenson@example.org,Reedberg,Liberia,2023-09-17
474,Michelle Stewart,jenna78@example.org,Tinaport,Tuvalu,2024-09-01
475,Christopher Chapman,ernesthull@example.org,Lake Jason,Netherlands Antilles,2024-06-22
476,Mary Avila,kentsarah@example.net,North Heather,Antigua and Barbuda,2025-11-18
477,Mark Hunter,esparzamartha@example.net,Lake Stephenhaven,Lithuania,2025-08-23
478,Raymond Bates,danielle71@example.com,Coreybury,Faroe Islands,2025-06-17
479,Lee Newman,hdavidson@example.net,Lake Deniseside,Tokelau,2024-05-16
480,Thomas Henry,jasonflowers@example.org,Kevinview,Sudan,2025-09-10
481,Beth Torres,vvance@example.org,Christineport,Niger,2024-05-30
482,Linda Gonzalez,jeffrey79@example.com,Elizabethchester,Saint Kitts and Nevis,2024-01-27
483,Corey Hale,richardwalters@example.com,Elijahhaven,Japan,2025-08-17
484,Theresa Fisher,kerryvasquez@example.net,Vincentport,Japan,2025-09-21
485,Barbara Reeves,timothyrodgers@example.com,East Josephstad,Georgia,2024-11-12
486,Ariel Moore,rmendez@example.org,Frankborough,Aruba,2024-02-16
487,Dale Powell,jonathan12@example.org,West Stacyland,Afghanistan,2024-07-25
488,Joseph Burnett,leeronald@example.net,Peterstown,Guinea,2025-06-03
489,Renee Daugherty,sjones@example.org,Nicholsburgh,Libyan Arab Jamahiriya,2025-01-13
490,Jacqueline Fields,smithbrandon@example.com,North Christina,Cameroon,2024-01-16
491,Matthew Howard,melissasuarez@example.net,South Kimberlyton,Czech Republic,2026-02-28
492,Robin Davis,nweber@example.com,Douglasborough,Western Sahara,2025-02-15
493,Rebecca Wood,gomeztimothy@example.com,Caseyville,Nepal,2026-04-06
494,Linda Green,gonzaleslori@example.com,Skinnerhaven,Germany,2023-11-12
495,Deborah Nash,alicia02@example.com,Mezatown,Hong Kong,2024-12-01
496,John Sherman,patelmichelle@example.net,Lake Jason,Finland,2024-09-06
497,Brandon Parsons,amyklein@example.com,East Johnmouth,Sweden,2024-12-05
498,Keith Lee,austin21@example.net,Rachelborough,Tokelau,2023-08-20
499,Mackenzie Olson,ronaldsmith@example.com,West Whitneytown,United States Minor Outlying Islands,2025-09-28
500,James Lewis,theresa90@example.org,New Tylermouth,Luxembourg,2024-02-10
